[
    [{
        "definition": "date",
        "possibleValues": [
            [{
                "definition": "week day",
                "possibleValues": [
                    [{
                            "definition": "monday",
                            "possibleValues": []
                        },
                        {
                            "definition": "tuesday",
                            "possibleValues": []
                        },
                        {
                            "definition": "wednesday",
                            "possibleValues": []
                        }
                    ]
                ]
            }],
            [{
                "definition": "week day number",
                "possibleValues": [
                    [{
                            "definition": 1,
                            "possibleValues": []
                        },
                        {
                            "definition": 2,
                            "possibleValues": []
                        },
                        {
                            "definition": 3,
                            "possibleValues": []
                        },
                        {
                            "definition": 4,
                            "possibleValues": []
                        },
                        {
                            "definition": 5,
                            "possibleValues": []
                        },
                        {
                            "definition": 6,
                            "possibleValues": []
                        },
                        {
                            "definition": 7,
                            "possibleValues": []
                        }
                    ]
                ]
            }],
            [{
                "definition": "month",
                "possibleValues": [
                    [{
                            "definition": "january",
                            "possibleValues": []
                        },
                        {
                            "definition": "february",
                            "possibleValues": []
                        }
                    ]
                ]
            }],
            [{
                "definition": "year",
                "possibleValues": [
                    [{
                            "definition": 1980,
                            "possibleValues": []
                        },
                        {
                            "definition": 1981,
                            "possibleValues": []
                        },
                        {
                            "definition": 1982,
                            "possibleValues": []
                        },
                        {
                            "definition": 1983,
                            "possibleValues": []
                        },
                        {
                            "definition": 1984,
                            "possibleValues": []
                        }
                    ]
                ]
            }]
        ]
    }]
]
